{
    "elements": [
  
  {
    "type": "node",
    "id": 354449389,
    "lat": 38.2080319,
    "lon": 21.7126540,
    "tags": {
      "brand": "Lidl",
      "brand:wikidata": "Q151954",
      "brand:wikipedia": "en:Lidl",
      "name": "Lidl",
      "opening_hours": "Mo-Fr 07:00-21:00, Sa 07:00-20:00",
      "shop": "supermarket"
    }
  },
  {
    "type": "node",
    "id": 360217468,
    "lat": 38.2893100,
    "lon": 21.7806567,
    "tags": {
      "name": "The Mart",
      "name:en": "The Mart",
      "shop": "supermarket"
    }
  },
  {
    "type": "node",
    "id": 360226900,
    "lat": 38.2633511,
    "lon": 21.7434265,
    "tags": {
      "addr:city": "Πάτρα",
      "addr:housenumber": "9",
      "addr:postcode": "26442",
      "addr:street": "Νοταρά",
      "brand": "Lidl",
      "brand:wikidata": "Q151954",
      "brand:wikipedia": "en:Lidl",
      "name": "Lidl",
      "opening_hours": "Mo-Fr 09:00-21:00; Sa 9:00-20:00",
      "operator": "LIDL",
      "payment:bitcoin": "no",
      "payment:cash": "yes",
      "payment:coins": "yes",
      "payment:credit_cards": "yes",
      "payment:debit_cards": "yes",
      "payment:mastercard": "yes",
      "payment:visa": "yes",
      "phone": "800 111 3333",
      "shop": "supermarket",
      "website": "https://www.lidl-hellas.gr/el/index.htm"
    }
  },
  {
    "type": "node",
    "id": 364381224,
    "lat": 38.2952086,
    "lon": 21.7908028,
    "tags": {
      "addr:city": "Ρίο",
      "addr:housenumber": "23",
      "addr:postcode": "26504",
      "addr:street": "Αθηνών",
      "name": "Σουπερμάρκετ Ανδρικόπουλος",
      "name:en": "Supermarket Andrikopoulos",
      "operator": "Andrikopoulos",
      "shop": "supermarket"
    }
  },
  {
    "type": "node",
    "id": 364463568,
    "lat": 38.2104365,
    "lon": 21.7642075,
    "tags": {
      "brand": "Σκλαβενίτης",
      "brand:el": "Σκλαβενίτης",
      "brand:en": "Sklavenitis",
      "brand:wikidata": "Q7536037",
      "name": "Σκλαβενίτης",
      "name:el": "Σκλαβενίτης",
      "name:en": "Sklavenitis",
      "shop": "supermarket"
    }
  },
  {
    "type": "node",
    "id": 598279836,
    "lat": 38.2355300,
    "lon": 21.7622778,
    "tags": {
      "name": "Papakos",
      "shop": "convenience"
    }
  },
  {
    "type": "node",
    "id": 633369803,
    "lat": 38.2612908,
    "lon": 21.7540236,
    "tags": {
      "shop": "convenience"
    }
  },
  {
    "type": "node",
    "id": 980515550,
    "lat": 38.2312926,
    "lon": 21.7400820,
    "tags": {
      "brand": "Lidl",
      "brand:wikidata": "Q151954",
      "brand:wikipedia": "en:Lidl",
      "name": "Lidl",
      "shop": "supermarket"
    }
  },
  {
    "type": "node",
    "id": 1643373636,
    "lat": 38.3013087,
    "lon": 21.7814957,
    "tags": {
      "name": "Κρόνος",
      "shop": "supermarket"
    }
  },
  {
    "type": "node",
    "id": 1643373639,
    "lat": 38.2949372,
    "lon": 21.7903830,
    "tags": {
      "shop": "supermarket"
    }
  },
  {
    "type": "node",
    "id": 1643713403,
    "lat": 38.2852364,
    "lon": 21.7666723,
    "tags": {
      "shop": "convenience"
    }
  },
  {
    "type": "node",
    "id": 1643713405,
    "lat": 38.2911121,
    "lon": 21.7714546,
    "tags": {
      "shop": "convenience"
    }
  },
  {
    "type": "node",
    "id": 1643713406,
    "lat": 38.2913332,
    "lon": 21.7666079,
    "tags": {
      "shop": "convenience"
    }
  },
  {
    "type": "node",
    "id": 1643818244,
    "lat": 38.2779126,
    "lon": 21.7625472,
    "tags": {
      "shop": "convenience"
    }
  },
  {
    "type": "node",
    "id": 1643818267,
    "lat": 38.2751636,
    "lon": 21.7574031,
    "tags": {
      "shop": "convenience"
    }
  },
  {
    "type": "node",
    "id": 1643818277,
    "lat": 38.2756942,
    "lon": 21.7629172,
    "tags": {
      "shop": "supermarket"
    }
  },
  {
    "type": "node",
    "id": 1643818281,
    "lat": 38.2596476,
    "lon": 21.7489662,
    "tags": {
      "brand": "Σκλαβενίτης",
      "brand:el": "Σκλαβενίτης",
      "brand:en": "Sklavenitis",
      "brand:wikidata": "Q7536037",
      "brand:wikipedia": "el:Σκλαβενίτης",
      "name": "Σκλαβενίτης",
      "name:el": "Σκλαβενίτης",
      "name:en": "Sklavenitis",
      "shop": "supermarket"
    }
  },
  {
    "type": "node",
    "id": 1643825320,
    "lat": 38.2945036,
    "lon": 21.7883123,
    "tags": {
      "shop": "convenience"
    }
  },
  {
    "type": "node",
    "id": 1643889596,
    "lat": 38.2126477,
    "lon": 21.7568738,
    "tags": {
      "shop": "supermarket"
    }
  },
  {
    "type": "node",
    "id": 1657132006,
    "lat": 38.2613806,
    "lon": 21.7436127,
    "tags": {
      "name": "Ρουμελιώτης SUPER Market",
      "shop": "supermarket"
    }
  },
  {
    "type": "node",
    "id": 1657132008,
    "lat": 38.2585236,
    "lon": 21.7415820,
    "tags": {
      "brand": "Σκλαβενίτης",
      "brand:el": "Σκλαβενίτης",
      "brand:en": "Sklavenitis",
      "brand:wikidata": "Q7536037",
      "brand:wikipedia": "el:Σκλαβενίτης",
      "name": "Σκλαβενίτης",
      "name:el": "Σκλαβενίτης",
      "name:en": "Sklavenitis",
      "shop": "supermarket"
    }
  },
  {
    "type": "node",
    "id": 1657962066,
    "lat": 38.2991382,
    "lon": 21.7854989,
    "tags": {
      "shop": "convenience"
    }
  },
  {
    "type": "node",
    "id": 1695934267,
    "lat": 38.2915409,
    "lon": 21.7712803,
    "tags": {
      "shop": "convenience"
    }
  },
  {
    "type": "node",
    "id": 1763830009,
    "lat": 38.2323892,
    "lon": 21.7473265,
    "tags": {
      "addr:housenumber": "52-56",
      "addr:street": "Καλαβρύτων",
      "name": "My market",
      "shop": "supermarket"
    }
  },
  {
    "type": "node",
    "id": 1763830474,
    "lat": 38.2322376,
    "lon": 21.7257294,
    "tags": {
      "brand": "ΑΒ Βασιλόπουλος",
      "brand:el": "ΑΒ Βασιλόπουλος",
      "brand:en": "AB Vassilopoulos",
      "brand:wikidata": "Q4721807",
      "brand:wikipedia": "el:Άλφα Βήτα Βασιλόπουλος",
      "name": "ΑΒ Βασιλόπουλος",
      "name:el": "ΑΒ Βασιλόπουλος",
      "name:en": "AB Vassilopoulos",
      "shop": "supermarket"
    }
  },
  {
    "type": "node",
    "id": 1770994538,
    "lat": 38.2644973,
    "lon": 21.7603629,
    "tags": {
      "name": "Markoulas",
      "shop": "supermarket"
    }
  },
  {
    "type": "node",
    "id": 1771512424,
    "lat": 38.2657865,
    "lon": 21.7593252,
    "tags": {
      "shop": "convenience"
    }
  },
  {
    "type": "node",
    "id": 1815896581,
    "lat": 38.3067563,
    "lon": 21.8051332,
    "tags": {
      "access": "customers",
      "brand": "Lidl",
      "brand:wikidata": "Q151954",
      "brand:wikipedia": "en:Lidl",
      "name": "Lidl",
      "opening_hours": "Mo-Sa 08:00-20:00",
      "operator": "Lidl",
      "shop": "supermarket"
    }
  },
  {
    "type": "node",
    "id": 1971240515,
    "lat": 38.2399863,
    "lon": 21.7363710,
    "tags": {
      "name": "Ανδρικόπουλος",
      "shop": "supermarket"
    }
  },
  {
    "type": "node",
    "id": 1971240518,
    "lat": 38.2377144,
    "lon": 21.7399001,
    "tags": {
      "shop": "convenience"
    }
  },
  {
    "type": "node",
    "id": 1971247760,
    "lat": 38.2364945,
    "lon": 21.7373409,
    "tags": {
      "brand": "Σκλαβενίτης",
      "brand:el": "Σκλαβενίτης",
      "brand:en": "Sklavenitis",
      "brand:wikidata": "Q7536037",
      "brand:wikipedia": "el:Σκλαβενίτης",
      "name": "Σκλαβενίτης",
      "name:el": "Σκλαβενίτης",
      "name:en": "Sklavenitis",
      "shop": "supermarket"
    }
  },
  {
    "type": "node",
    "id": 1971249846,
    "lat": 38.2427052,
    "lon": 21.7342362,
    "tags": {
      "name": "My Market",
      "name:de": "My market",
      "shop": "supermarket"
    }
  },
  {
    "type": "node",
    "id": 1997401665,
    "lat": 38.2803811,
    "lon": 21.7689392,
    "tags": {
      "shop": "convenience"
    }
  },
  {
    "type": "node",
    "id": 1997401682,
    "lat": 38.2767389,
    "lon": 21.7646316,
    "tags": {
      "shop": "convenience"
    }
  },
  {
    "type": "node",
    "id": 3144355008,
    "lat": 38.2568618,
    "lon": 21.7396708,
    "tags": {
      "addr:city": "Πάτρα",
      "addr:postcode": "26441",
      "addr:street": "Αγίας Σοφίας & Αθηνών",
      "name": "My market",
      "opening_hours": "08:00-21:00 (Saturday: 08:00-20:00)",
      "operator": "ΜETRO AEBE",
      "shop": "supermarket"
    }
  },
  {
    "type": "node",
    "id": 3354481184,
    "lat": 38.1951968,
    "lon": 21.7323293,
    "tags": {
      "name": "Ανδρικόπουλος",
      "shop": "supermarket"
    }
  },
  {
    "type": "node",
    "id": 4101518891,
    "lat": 38.2565589,
    "lon": 21.7418506,
    "tags": {
      "addr:street": "Εγνατίας",
      "name": "ΑΒ ΒΑΣΙΛΟΠΟΥΛΟΣ",
      "shop": "supermarket"
    }
  },
  {
    "type": "node",
    "id": 4356067891,
    "lat": 38.2450095,
    "lon": 21.7365286,
    "tags": {
      "shop": "supermarket"
    }
  },
  {
    "type": "node",
    "id": 4356183595,
    "lat": 38.2434859,
    "lon": 21.7332850,
    "tags": {
      "brand": "Σκλαβενίτης",
      "brand:el": "Σκλαβενίτης",
      "brand:en": "Sklavenitis",
      "brand:wikidata": "Q7536037",
      "brand:wikipedia": "el:Σκλαβενίτης",
      "name": "Σκλαβενίτης",
      "name:el": "Σκλαβενίτης",
      "name:en": "Sklavenitis",
      "opening_hours": "Mo-Fr 08:00-21:00; Sa 08:00-20:00",
      "shop": "supermarket"
    }
  },
  {
    "type": "node",
    "id": 4357098895,
    "lat": 38.2438242,
    "lon": 21.7339549,
    "tags": {
      "shop": "convenience"
    }
  },
  {
    "type": "node",
    "id": 4357217589,
    "lat": 38.2524287,
    "lon": 21.7414219,
    "tags": {
      "shop": "supermarket"
    }
  },
  {
    "type": "node",
    "id": 4357425491,
    "lat": 38.2512732,
    "lon": 21.7423925,
    "tags": {
      "name:de": "Kaponis",
      "shop": "supermarket"
    }
  },
  {
    "type": "node",
    "id": 4357589496,
    "lat": 38.2427963,
    "lon": 21.7302559,
    "tags": {
      "name": "Ανδρικόπουλος",
      "name:de": "Elomas",
      "shop": "supermarket"
    }
  },
  {
    "type": "node",
    "id": 4358244594,
    "lat": 38.2454121,
    "lon": 21.7337191,
    "tags": {
      "shop": "supermarket"
    }
  },
  {
    "type": "node",
    "id": 4372108797,
    "lat": 38.2725804,
    "lon": 21.8364993,
    "tags": {
      "name": "Mini Market",
      "shop": "convenience"
    }
  },
  {
    "type": "node",
    "id": 4484528391,
    "lat": 38.2795377,
    "lon": 21.7667136,
    "tags": {
      "addr:street": "Εθνική Οδός 8α",
      "level": "0",
      "name": "Carna",
      "shop": "convenience"
    }
  },
  {
    "type": "node",
    "id": 4752810729,
    "lat": 38.3052409,
    "lon": 21.7770011,
    "tags": {
      "name": "Mini Market",
      "shop": "convenience"
    }
  },
  {
    "type": "node",
    "id": 4931300543,
    "lat": 38.2425794,
    "lon": 21.7296435,
    "tags": {
      "name": "Kronos",
      "shop": "supermarket"
    }
  },
  {
    "type": "node",
    "id": 4953268497,
    "lat": 38.2585639,
    "lon": 21.7504681,
    "tags": {
      "name": "Φίλιππας",
      "shop": "convenience"
    }
  },
  {
    "type": "node",
    "id": 4969309651,
    "lat": 38.3015018,
    "lon": 21.7940989,
    "tags": {
      "shop": "supermarket"
    }
  },
  {
    "type": "node",
    "id": 5005384516,
    "lat": 38.2498065,
    "lon": 21.7363349,
    "tags": {
      "name": "No supermarket",
      "shop": "supermarket"
    }
  },
  {
    "type": "node",
    "id": 5005409493,
    "lat": 38.2490852,
    "lon": 21.7351280,
    "tags": {
      "name": "Kiosk",
      "shop": "convenience"
    }
  },
  {
    "type": "node",
    "id": 5005409494,
    "lat": 38.2493169,
    "lon": 21.7349115,
    "tags": {
      "name": "Kiosk",
      "shop": "convenience"
    }
  },
  {
    "type": "node",
    "id": 5005409495,
    "lat": 38.2489563,
    "lon": 21.7344427,
    "tags": {
      "name": "Kiosk",
      "shop": "convenience"
    }
  },
  {
    "type": "node",
    "id": 5005476710,
    "lat": 38.2569875,
    "lon": 21.7413066,
    "tags": {
      "name": "Kiosk",
      "shop": "convenience"
    }
  },
  {
    "type": "node",
    "id": 5005476711,
    "lat": 38.2561434,
    "lon": 21.7409531,
    "tags": {
      "name": "Kiosk",
      "shop": "convenience"
    }
  },
  {
    "type": "node",
    "id": 5132918123,
    "lat": 38.2523678,
    "lon": 21.7400704,
    "tags": {
      "shop": "supermarket"
    }
  },
  {
    "type": "node",
    "id": 5164678230,
    "lat": 38.2691937,
    "lon": 21.7481501,
    "tags": {
      "addr:city": "Πάτρα",
      "addr:housenumber": "1 - 3",
      "addr:postcode": "26442",
      "addr:street": "Αξιού",
      "name": "Ανδρικόπουλος - Supermarket",
      "name:el": "Ανδρικόπουλος",
      "name:en": "Andrikopoulos",
      "opening_hours": "Mo-Fr 08:00-21:00; Sa 08:00-20:00",
      "operator": "Ανδρικόπουλος",
      "payment:cash": "yes",
      "payment:credit_cards": "yes",
      "payment:debit_cards": "yes",
      "payment:edenred_card": "yes",
      "phone": "+302610430062",
      "shop": "supermarket",
      "website": "https://www.andrikopoulos.com.gr/"
    }
  },
  {
    "type": "node",
    "id": 5164741179,
    "lat": 38.2690963,
    "lon": 21.7497014,
    "tags": {
      "addr:postcode": "26442",
      "addr:street": "Νοταρά",
      "brand": "Σκλαβενίτης",
      "brand:el": "Σκλαβενίτης",
      "brand:en": "Sklavenitis",
      "brand:wikidata": "Q7536037",
      "brand:wikipedia": "el:Σκλαβενίτης",
      "name": "Σκλαβενίτης",
      "name:el": "Σκλαβενίτης",
      "name:en": "Sklavenitis",
      "opening_hours": "Mo-Fr 9:00-21:00, Sa 9:00-20:00",
      "payment:cash": "yes",
      "payment:credit_cards": "yes",
      "payment:debit_cards": "yes",
      "payment:edenred_card": "yes",
      "shop": "supermarket"
    }
  },
  {
    "type": "node",
    "id": 5350727524,
    "lat": 38.2338270,
    "lon": 21.7251655,
    "tags": {
      "name:en": "ENA food cash $ cary",
      "shop": "supermarket"
    }
  },
  {
    "type": "node",
    "id": 5396345464,
    "lat": 38.3277388,
    "lon": 21.8764222,
    "tags": {
      "name": "Mini Market",
      "opening_hours": "Mo-Sa 07:00-22:00",
      "payment:cash": "yes",
      "payment:coins": "yes",
      "payment:credit_cards": "yes",
      "shop": "convenience"
    }
  },
  {
    "type": "node",
    "id": 5620198221,
    "lat": 38.2170935,
    "lon": 21.7357783,
    "tags": {
      "brand": "ΑΒ Βασιλόπουλος",
      "brand:el": "ΑΒ Βασιλόπουλος",
      "brand:en": "AB Vassilopoulos",
      "brand:wikidata": "Q4721807",
      "brand:wikipedia": "el:Άλφα Βήτα Βασιλόπουλος",
      "name": "ΑΒ Βασιλόπουλος",
      "name:el": "ΑΒ Βασιλόπουλος",
      "name:en": "AB Vassilopoulos",
      "opening_hours": "Mo-Fr 08:00-21:00; Sa 08:00-20:00",
      "shop": "supermarket",
      "wheelchair": "yes"
    }
  },
  {
    "type": "node",
    "id": 5620208927,
    "lat": 38.2160259,
    "lon": 21.7321204,
    "tags": {
      "name": "Mini Market",
      "shop": "convenience"
    }
  },
  {
    "type": "node",
    "id": 5783486253,
    "lat": 38.3127410,
    "lon": 21.8203451,
    "tags": {
      "shop": "supermarket"
    }
  },
  {
    "type": "node",
    "id": 5909978406,
    "lat": 38.2451867,
    "lon": 21.7312416,
    "tags": {
      "shop": "supermarket"
    }
  },
  {
    "type": "node",
    "id": 7673935764,
    "lat": 38.2504514,
    "lon": 21.7396687,
    "tags": {
      "name": "3A",
      "shop": "supermarket"
    }
  },
  {
    "type": "node",
    "id": 7673976786,
    "lat": 38.2486316,
    "lon": 21.7389771,
    "tags": {
      "brand": "Spar",
      "brand:wikidata": "Q610492",
      "brand:wikipedia": "en:SPAR (retailer)",
      "name": "Spar",
      "shop": "supermarket"
    }
  },
  {
    "type": "node",
    "id": 7673986831,
    "lat": 38.2481545,
    "lon": 21.7383224,
    "tags": {
      "name": "ΑΝΔΡΙΚΟΠΟΥΛΟΣ",
      "shop": "supermarket"
    }
  },
  {
    "type": "node",
    "id": 7674120315,
    "lat": 38.2429466,
    "lon": 21.7308044,
    "tags": {
      "name": "ΑΝΔΡΙΚΟΠΟΥΛΟΣ",
      "shop": "supermarket"
    }
  },
  {
    "type": "node",
    "id": 7677225097,
    "lat": 38.2392836,
    "lon": 21.7265283,
    "tags": {
      "name": "MyMarket",
      "shop": "supermarket"
    }
  },
  {
    "type": "node",
    "id": 7914886761,
    "lat": 38.2653368,
    "lon": 21.7575349,
    "tags": {
      "shop": "supermarket"
    }
  },
  {
    "type": "node",
    "id": 8214753473,
    "lat": 38.2346622,
    "lon": 21.7253472,
    "tags": {
      "name": "Ena Cash And Carry",
      "shop": "supermarket"
    }
  },
  {
    "type": "node",
    "id": 8214854586,
    "lat": 38.2358002,
    "lon": 21.7294915,
    "tags": {
      "name": "ΚΡΟΝΟΣ - (Σκαγιοπουλείου)",
      "shop": "supermarket"
    }
  },
  {
    "type": "node",
    "id": 8214887295,
    "lat": 38.2379176,
    "lon": 21.7306406,
    "tags": {
      "name": "Ανδρικόπουλος Super Market",
      "shop": "supermarket"
    }
  },
  {
    "type": "node",
    "id": 8214887306,
    "lat": 38.2375068,
    "lon": 21.7328984,
    "tags": {
      "name": "3Α Αράπης",
      "shop": "supermarket"
    }
  },
  {
    "type": "node",
    "id": 8214910532,
    "lat": 38.2361127,
    "lon": 21.7337870,
    "tags": {
      "brand": "Γαλαξίας",
      "brand:el": "Γαλαξίας",
      "brand:en": "Galaxias",
      "brand:wikidata": "Q5518063",
      "brand:wikipedia": "el:Γαλαξίας (σούπερ μάρκετ)",
      "name": "Γαλαξίας",
      "name:el": "Γαλαξίας",
      "name:en": "Galaxias",
      "shop": "supermarket"
    }
  },
  {
    "type": "node",
    "id": 8215010716,
    "lat": 38.2360129,
    "lon": 21.7283123,
    "tags": {
      "name": "Super Market Θεοδωρόπουλος",
      "shop": "supermarket"
    }
  },
  {
    "type": "node",
    "id": 8215157448,
    "lat": 38.2390442,
    "lon": 21.7340723,
    "tags": {
      "name": "Super Market ΚΡΟΝΟΣ",
      "shop": "supermarket"
    }
  },
  {
    "type": "node",
    "id": 8753329904,
    "lat": 38.2642274,
    "lon": 21.7396855,
    "tags": {
      "shop": "supermarket"
    }
  },
  {
    "type": "node",
    "id": 8753329905,
    "lat": 38.2658237,
    "lon": 21.7398813,
    "tags": {
      "shop": "supermarket"
    }
  },
  {
    "type": "node",
    "id": 8777081651,
    "lat": 38.2601801,
    "lon": 21.7428703,
    "tags": {
      "brand": "Σκλαβενίτης",
      "brand:el": "Σκλαβενίτης",
      "brand:en": "Sklavenitis",
      "brand:wikidata": "Q7536037",
      "brand:wikipedia": "el:Σκλαβενίτης",
      "name": "Σκλαβενίτης",
      "name:el": "Σκλαβενίτης",
      "name:en": "Sklavenitis",
      "shop": "supermarket"
    }
  },
  {
    "type": "node",
    "id": 8777171555,
    "lat": 38.2586424,
    "lon": 21.7460078,
    "tags": {
      "name": "3A ARAPIS",
      "name:el": "3Α Αράπης",
      "shop": "supermarket"
    }
  },
  {
    "type": "node",
    "id": 8805335004,
    "lat": 38.2454669,
    "lon": 21.7355058,
    "tags": {
      "brand": "Μασούτης",
      "brand:el": "Μασούτης",
      "brand:en": "Masoutis",
      "brand:wikidata": "Q6783887",
      "brand:wikipedia": "en:Masoutis",
      "name": "Μασούτης",
      "name:el": "Μασούτης",
      "name:en": "Masoutis",
      "shop": "supermarket"
    }
  },
  {
    "type": "node",
    "id": 8805467220,
    "lat": 38.2495700,
    "lon": 21.7380288,
    "tags": {
      "name": "ΑΒ Shop & Go",
      "shop": "supermarket"
    }
  },
  {
    "type": "node",
    "id": 8806495733,
    "lat": 38.2398789,
    "lon": 21.7455558,
    "tags": {
      "name": "3Α ΑΡΑΠΗΣ",
      "shop": "supermarket"
    }
  },
  {
    "type": "node",
    "id": 9651304117,
    "lat": 38.2554443,
    "lon": 21.7408745,
    "tags": {
      "name": "Περίπτερο",
      "shop": "convenience"
    }
  },
  {
    "type": "node",
    "id": 9785182275,
    "lat": 38.1494223,
    "lon": 21.6232207,
    "tags": {
      "shop": "convenience"
    }
  },
  {
    "type": "node",
    "id": 9785182280,
    "lat": 38.1477412,
    "lon": 21.6206284,
    "tags": {
      "shop": "convenience"
    }
  },
  {
    "type": "node",
    "id": 9785335420,
    "lat": 38.1563067,
    "lon": 21.6454791,
    "tags": {
      "shop": "convenience"
    }
  }
  
    ]
  }
  